,Address,Image
1,0x05852ceE2c866Db061930a7F3794E8947b3AA390,house1.jpeg
2,0x0F2E4ffe5a2f827bF3405fAF0097bd215216a52C,house2.jpeg
3,0x1c2cCb880A26db531840bF56AfB7952c435Dd9c6,house3.jpeg
4,0x22bAD7054e47c15d05885e61Bf603898A71CD549,house4.jpeg
5,0x38559b338dd1E3E934904B2f3Ade34609f007D5E,house5.jpeg
6,0x3E607535D6FfDE03214573210b638533AeE5ECDA,house6.jpeg
7,0x43DD14562f2A0E8668C1772f633eDC46E4C97E14,house1.jpeg
8,0x45E9259b4698C719FC2Fb386d69C9b6ab5c2A992,house2.jpeg
9,0x6348Cc1EAAb8973B34a61A423DA1fe9bADF5bBA4,house3.jpeg
10,0x6B4705Cac5C32D9Cc1Cb7Ee1713d23D88b5B5961,house4.jpeg
11,0x76A414E08543221530A0F351924201517045a274,house5.jpeg
12,0x788976209eC4e7a0F9913aADC386Cfe77Fad5667,house6.jpeg
13,0x8eFD0fBa1dEa722d1A573f591AB5A27e1c2d75D9,house1.jpeg
14,0x96CC2Bee6E4307335FD15E604ce9ddc25263883E,house2.jpeg
15,0x9fAAE43bDC0667a8877d0Cc857e3E8219949374c,house3.jpeg
16,0xA9017c9B13A3aa335674FB2F1E243b5035Fe7b18,house4.jpeg
17,0xB7F1aB48c6AEE155265DDc01eDD29D4C95854DE8,house5.jpeg
18,0xcBC6886d17E93A5aDE92b4E8bcD8786CE852Ca09,house6.jpeg
19,0xD3706Fe609C328C2b7CA03C6d678867e45E69354,house1.jpeg
20,0xd40cd579f714F3Ba43a89f2c44eC79666F7Baa54,house2.jpeg
21,0xeA38E6a2EE04178F245dd61aBdFc058eD195042c,house3.jpeg
22,0xEfC82De824648EC5F2Ccf951A9ded160B6B114F9,house4.jpeg
23,0xF7A1AF3908F10da6EabBC66DE2135C4387Bee0df,house5.jpeg